{"RVEC": [[[-0.011541606111970143], [-0.0594462070391866], [-2.2662025623744126]], [[-0.9317953123923761], [-0.5057754029416043], [-1.5721911449507138]], [[-0.16175276120995957], [0.08855880839236577], [-2.2225931488169826]], [[0.47003996714234714], [-0.7969822404958442], [-1.7559308145689438]], [[-1.0916605227676888], [-0.27964761726867254], [-2.338309341573324]], [[0.050965529323449346], [-0.08385898805053751], [-1.7330892444203543]], [[-0.0587742895752176], [0.2028281463611882], [-2.2307472885590225]], [[0.04024951911835929], [0.22730151223255005], [-2.23686218977404]], [[-0.85543572509055], [-0.41256648223672876], [-2.157170047056692]], [[-0.25849177616557534], [0.03807191542466544], [-2.02733106582439]], [[-0.3601181013803444], [0.17512105030358616], [-2.434582612800014]], [[0.12543495937153812], [-0.7780972639068376], [-2.163789737865996]], [[-0.4789666812040565], [0.29730972860357546], [-2.2660784638444036]], [[-0.7100013638733423], [0.25829823166193155], [-2.179283211959128]], [[-1.1425938965604758], [-0.4995050397444839], [-2.468262797748775]], [[-0.9900824609458894], [-0.3877631590122391], [-2.3608606856841807]], [[-1.1868250723846705], [-0.8049695364730582], [-2.2420870747724884]], [[0.40612928072672977], [-0.9842542532398235], [-1.7358125740633432]], [[-0.15661323520698112], [-0.15643354639601462], [-2.3100907757548885]], [[-1.1000287984103116], [0.32267920582830895], [-1.8766618976631315]], [[-0.6354340390041827], [-0.8264897419886323], [-2.269881163173752]], [[-0.5362833972418061], [0.42954883504600233], [-2.0709726901949055]], [[-1.2164130624988598], [-0.3972702315697691], [-2.240915189309636]], [[0.3267762253365346], [0.5280379860341339], [-1.8547581984120214]], [[0.14618541103487329], [-0.47155082004745585], [-2.2104708716764625]], [[-0.13714327537263798], [-0.027253585232212153], [-2.4298211651379287]], [[-0.5505904479694527], [0.712700950624721], [-1.7116638931573354]], [[-0.38061726268962665], [-0.5617773337487595], [-2.2864587226006408]], [[0.540053751730757], [-0.4001017697649229], [-2.337288684157828]], [[-0.6659610576367819], [-0.40106808394010973], [-1.6564023504964471]], [[-0.9134966393990955], [-0.0912360081657998], [-2.297483225675643]], [[0.21574772990193797], [-1.1595677353501037], [-2.1120270982904845]], [[-0.9637501882254862], [0.482297307165581], [-1.797650704990772]], [[0.050054724956889514], [-0.1440900815076923], [-2.2233459885741804]]], "DIM": [640, 480], "K": [[205.24532788472575, 0.0, 318.9682550623967], [0.0, 273.75289634645463, 239.22518618551558], [0.0, 0.0, 1.0]], "D": [[-0.014415679703456747], [0.00032319201754507073], [-0.0021461891034443544], [0.00032634649968791885]]}