{"RVEC": [[[0.24626875329185596], [0.5417984470810064], [-1.6493406636884653]], [[0.0375238546483875], [-0.6726507419355227], [0.017210467415848103]], [[-0.2844680076688851], [0.5351584190709803], [-1.8482554137522686]], [[0.3295932074004316], [0.06953816820509891], [-1.4996110089135541]], [[0.11749172858750462], [0.2804604273424359], [-2.280045973793948]], [[-0.0017536944925640383], [-0.04025559024324407], [-1.3841865889676295]], [[0.9574458887533979], [-0.9598937276255316], [-1.4763865534980651]], [[-0.015676979987497185], [0.5946099269312859], [-1.0708075035896554]], [[0.048581020156217805], [0.33423881395260013], [-1.5577123052772728]], [[-0.1922615200319805], [0.26828119047005083], [2.2370369299488213]], [[0.0559905362957878], [-0.835565081953336], [-1.6526104654111529]], [[0.21696674973118177], [0.16437264227753895], [-0.9898681516361081]], [[-0.40428693662397835], [0.8080811344765493], [-1.0738305644402517]], [[-0.1985077768157693], [-0.5458801821597092], [-1.3027879969555929]], [[-0.062136922622919706], [0.8270602951053591], [-1.869635412204619]], [[0.2420003332119622], [0.9344703427250582], [-1.522283293762232]], [[0.1847828882508089], [1.0463214535303154], [-1.3231509829113597]]], "DIM": [640, 480], "K": [[395.2474957410931, 0.0, 313.5019461730335], [0.0, 527.3954916199217, 196.37742657771022], [0.0, 0.0, 1.0]], "D": [[-0.03798599445910202], [0.020273631739096985], [-0.00890488243952009], [-0.03915599454217283]]}