{"RVEC": [[[-0.13868917848090792], [-0.25870889509757466], [-0.12553551490481668]], [[0.05490653036481606], [-0.31182369384140396], [-0.10944518063530688]], [[-0.09369505272706032], [0.295139875489157], [1.2828080394303654]], [[-0.054520870880965945], [-0.8939785999208767], [0.06576809896358105]], [[-0.2903864257734019], [-0.46988679730679106], [-0.6317389006724075]], [[-1.051811317270639], [-0.39980049867016787], [-1.7103811603117178]], [[0.11896362510455974], [0.008814859518756907], [1.295380748012553]], [[0.017344924453093113], [0.014366877621464767], [1.3392395043467726]], [[0.1267394286770463], [-0.07499754143355992], [3.129610603513109]]], "DIM": [640, 480], "K": [[201.95595100062698, 0.0, 316.17036055884205], [0.0, 269.1985142213463, 244.43629445133766], [0.0, 0.0, 1.0]], "D": [[0.0012627892991299012], [-0.04368051579563918], [0.04298551957904687], [-0.015434215126855132]]}